{
    "Ue8ba954b3a92b7bf3ef9691ef5c797b6": {
        "Ahorro": 17.685714285714287,
        "記帳城市(免費版)": 19.085714285714285,
        "天天記帳": 15.314285714285715,
        "碎碎念記帳": 9.82857142857143,
        "Spendee Budget & Money Tracker": 8.8,
        "簡單記帳": 18.057142857142857,
        "記帳雞": 15.257142857142858,
        "卡娜赫拉家計簿": 12.228571428571428
    },
    "U787e404ce0bac50d4f94938980ce1c26": {
        "Ahorro": 15.085714285714285,
        "記帳城市(免費版)": 15.885714285714286,
        "CW money(免費版)": 15.37142857142857,
        "天天記帳": 15.114285714285714,
        "碎碎念記帳": 7.328571428571429,
        "Spendee Budget & Money Tracker": 7.0,
        "簡單記帳": 17.057142857142857,
        "記帳雞": 12.757142857142858,
        "卡娜赫拉家計簿": 10.728571428571428
    }
}
